{
"skeleton": { "hash": "f6unMMSOqsJwM9NYOGV6C/nhW6s", "spine": "3.7.94", "width": 629, "height": 484, "images": "./MKY - sprite/", "audio": "" },
"bones": [
	{ "name": "root" }
],
"slots": [
	{ "name": "MKY", "bone": "root", "attachment": "Idle 1" },
	{ "name": "FxHit", "bone": "root" },
	{ "name": "FxThrow", "bone": "root" },
	{ "name": "FxThrowArc", "bone": "root" }
],
"skins": {
	"default": {
		"FxHit": {
			"FxHit 1": { "x": 230.73, "y": 700.71, "width": 222, "height": 254 },
			"FxHit 2": { "x": 248.75, "y": 733.98, "width": 208, "height": 213 },
			"FxHit 3": { "x": 259.5, "y": 750.48, "width": 189, "height": 180 }
		},
		"FxThrow": {
			"FxThrow": {
				"type": "mesh",
				"uvs": [ 1, 1, 0.13669, 1, 0, 1, 0, 0, 0.12564, 0, 1, 0 ],
				"triangles": [ 2, 3, 4, 1, 4, 5, 2, 4, 1, 1, 5, 0 ],
				"vertices": [ 1048.34, 496.92, 538.13, 496.92, 457.34, 496.92, 457.34, 574.92, 531.6, 574.92, 1048.34, 574.92 ],
				"hull": 6,
				"edges": [ 4, 6, 0, 10, 0, 2, 2, 4, 6, 8, 8, 10, 2, 8 ],
				"width": 591,
				"height": 78
			}
		},
		"FxThrowArc": {
			"FxThrowArc": {
				"type": "mesh",
				"uvs": [ 1, 1, 0, 1, 0, 0, 1, 0 ],
				"triangles": [ 1, 2, 3, 1, 3, 0 ],
				"vertices": [ 605.12, 265.67, 401.12, 265.67, 401.12, 697.67, 605.12, 697.67 ],
				"hull": 4,
				"edges": [ 0, 2, 2, 4, 4, 6, 0, 6 ],
				"width": 204,
				"height": 432
			}
		},
		"MKY": {
			"Attack": { "x": -42.6, "y": 377.83, "width": 530, "height": 672 },
			"Death": { "x": 283.4, "y": 195.83, "width": 1050, "height": 508 },
			"Despawn 1": { "x": 268.9, "y": 260.33, "width": 1163, "height": 515 },
			"Despawn 2": { "x": 254.9, "y": 299.83, "width": 1201, "height": 724 },
			"Despawn 3": { "x": 254.9, "y": 294.83, "width": 1201, "height": 714 },
			"Despawn 4": { "x": 263.9, "y": 305.83, "width": 1219, "height": 736 },
			"Despawn 5": { "x": 245.9, "y": 80.33, "width": 1193, "height": 239 },
			"Despawn 6": {
				"type": "mesh",
				"uvs": [ 1, 1, 0, 1, 0, 0, 1, 0 ],
				"triangles": [ 1, 2, 3, 1, 3, 0 ],
				"vertices": [ 842.4, -39.17, -348.6, -39.17, -348.6, 221.83, 842.4, 221.83 ],
				"hull": 4,
				"edges": [ 0, 2, 2, 4, 4, 6, 0, 6 ],
				"width": 1191,
				"height": 261
			},
			"Despawn 7": {
				"type": "mesh",
				"uvs": [ 1, 0.61528, 1, 0.64894, 1, 1, 0, 1, 0, 0.65303, 0, 0.61959, 0, 0, 1, 0 ],
				"triangles": [ 6, 7, 0, 5, 6, 0, 5, 0, 1, 4, 5, 1, 2, 3, 4, 2, 4, 1 ],
				"vertices": [ 430.4, 198.34, 430.4, 181.41, 430.4, 4.83, 193.4, 4.83, 193.4, 179.35, 193.4, 196.17, 193.4, 507.83, 430.4, 507.83 ],
				"hull": 8,
				"edges": [ 4, 6, 12, 14, 0, 14, 10, 12, 0, 10, 0, 2, 2, 4, 6, 8, 8, 10, 2, 8 ],
				"width": 237,
				"height": 503
			},
			"Firebomb": { "x": -42.6, "y": 361.83, "width": 530, "height": 640 },
			"Flashbang": { "x": -42.6, "y": 370.33, "width": 530, "height": 657 },
			"Hurt": { "x": -5.1, "y": 338.33, "width": 605, "height": 593 },
			"Idle 1": { "x": -3.1, "y": 287.83, "width": 629, "height": 484 },
			"Idle 2": { "x": 24.9, "y": 287.83, "width": 651, "height": 484 },
			"Throw": { "x": 172.4, "y": 339.83, "width": 784, "height": 596 }
		}
	}
},
"events": {
	"Attack": {},
	"Death": {},
	"Despawn": {},
	"Hurt": {},
	"Skill - Firebomb": {},
	"Skill - Flashbang": {}
},
"animations": {
	"Attack": {
		"slots": {
			"FxThrow": {
				"attachment": [
					{ "time": 0.6, "name": "FxThrow" },
					{ "time": 0.8333, "name": null }
				]
			},
			"FxThrowArc": {
				"attachment": [
					{ "time": 0.6, "name": "FxThrowArc" },
					{ "time": 0.7333, "name": null }
				]
			},
			"MKY": {
				"attachment": [
					{ "time": 0.0667, "name": "Idle 2" },
					{ "time": 0.2667, "name": "Attack" },
					{ "time": 0.6, "name": "Throw" },
					{ "time": 0.9333, "name": "Idle 2" },
					{ "time": 1.1333, "name": "Idle 1" },
					{ "time": 1.3333, "name": "Idle 1" }
				]
			}
		},
		"deform": {
			"default": {
				"FxThrow": {
					"FxThrow": [
						{
							"time": 0.6,
							"vertices": [ -465.7801, 23.35553, 0, 0, 0, 0, 0, 0, 0, 0, -465.7801, -23.35553 ],
							"curve": [ 0.25, 0, 0, 1 ]
						},
						{ "time": 0.8333 }
					]
				},
				"FxThrowArc": {
					"FxThrowArc": [
						{
							"time": 0.6,
							"vertices": [ -59.88579, 282.79504, 1.0E-5, 282.79504, 0, 0, -76.52069 ],
							"curve": [ 0.25, 0, 0, 1 ]
						},
						{ "time": 0.7333 }
					]
				}
			}
		},
		"events": [
			{ "time": 0.6, "name": "Attack" }
		]
	},
	"Death": {
		"slots": {
			"FxHit": {
				"attachment": [
					{ "time": 0.2, "name": "FxHit 1" },
					{ "time": 0.2667, "name": "FxHit 2" },
					{ "time": 0.3333, "name": "FxHit 3" },
					{ "time": 0.4, "name": null }
				]
			},
			"MKY": {
				"color": [
					{
						"time": 0.0667,
						"color": "ffffffff",
						"curve": [ 0.25, 0, 0.75, 1 ]
					},
					{
						"time": 0.2,
						"color": "ff0000ff",
						"curve": [ 0.25, 0, 0.75, 1 ]
					},
					{ "time": 0.5333, "color": "ffffffff" }
				],
				"attachment": [
					{ "time": 0.0667, "name": "Idle 2" },
					{ "time": 0.2, "name": "Hurt" },
					{ "time": 0.8, "name": "Death" },
					{ "time": 1.2, "name": "Death" }
				]
			}
		},
		"events": [
			{ "time": 0.2, "name": "Hurt" },
			{ "time": 0.8, "name": "Death" }
		]
	},
	"Despawn": {
		"slots": {
			"MKY": {
				"color": [
					{ "time": 0, "color": "ffffffff" },
					{ "time": 0.2, "color": "ff0000ff", "curve": "stepped" },
					{ "time": 0.8, "color": "ff0000ff" },
					{ "time": 1.2, "color": "ffffffff", "curve": "stepped" },
					{
						"time": 1.6,
						"color": "ffffffff",
						"curve": [ 1, 0, 0.75, 1 ]
					},
					{ "time": 2.2, "color": "000000ff" },
					{ "time": 2.4, "color": "00000000" }
				],
				"attachment": [
					{ "time": 0, "name": "Death" },
					{ "time": 0.2, "name": "Despawn 1" },
					{ "time": 0.3, "name": "Despawn 2" },
					{ "time": 0.3667, "name": "Despawn 3" },
					{ "time": 0.4333, "name": "Despawn 4" },
					{ "time": 0.4667, "name": "Despawn 2" },
					{ "time": 0.5, "name": "Despawn 3" },
					{ "time": 0.5333, "name": "Despawn 4" },
					{ "time": 0.5667, "name": "Despawn 2" },
					{ "time": 0.6, "name": "Despawn 3" },
					{ "time": 0.6333, "name": "Despawn 4" },
					{ "time": 0.6667, "name": "Despawn 2" },
					{ "time": 0.7, "name": "Despawn 3" },
					{ "time": 0.7333, "name": "Despawn 4" },
					{ "time": 0.8, "name": "Despawn 2" },
					{ "time": 0.8667, "name": "Despawn 3" },
					{ "time": 0.9667, "name": "Despawn 4" },
					{ "time": 1.1, "name": "Despawn 5" },
					{ "time": 1.2667, "name": "Despawn 6" },
					{ "time": 1.6, "name": "Despawn 7" }
				]
			}
		},
		"deform": {
			"default": {
				"MKY": {
					"Despawn 6": [
						{
							"time": 1.2667,
							"curve": [ 1, 0, 1, 1 ]
						},
						{
							"time": 1.5667,
							"vertices": [ -462.787, -1.0E-5, 462.787, -1.0E-5, 462.787, 0, -462.787 ]
						}
					],
					"Despawn 7": [
						{
							"time": 1.6,
							"curve": [ 1, 0, 0.75, 1 ]
						},
						{
							"time": 2.4,
							"vertices": [ -31.25037, 556.9242, -80.1076, 0, -80.1076, 0, 80.42169, 0, 80.42169, 0, 31.17767, 556.9242, 31.17767, 658.52527, -31.25037, 658.52527 ]
						}
					]
				}
			}
		},
		"events": [
			{ "time": 1.6, "name": "Despawn" }
		]
	},
	"Hurt": {
		"slots": {
			"FxHit": {
				"attachment": [
					{ "time": 0.2, "name": "FxHit 1" },
					{ "time": 0.2667, "name": "FxHit 2" },
					{ "time": 0.3333, "name": "FxHit 3" },
					{ "time": 0.4, "name": null }
				]
			},
			"MKY": {
				"color": [
					{
						"time": 0.0667,
						"color": "ffffffff",
						"curve": [ 0.25, 0, 0.75, 1 ]
					},
					{
						"time": 0.2,
						"color": "ff0000ff",
						"curve": [ 0.25, 0, 0.75, 1 ]
					},
					{ "time": 0.5333, "color": "ffffffff" }
				],
				"attachment": [
					{ "time": 0.0667, "name": "Idle 2" },
					{ "time": 0.2, "name": "Hurt" },
					{ "time": 0.4, "name": "Idle 2" },
					{ "time": 0.6, "name": "Idle 1" }
				]
			}
		},
		"events": [
			{ "time": 0.2, "name": "Hurt" }
		]
	},
	"Idle": {},